timestamp,pr_url,finding_id,tool_name,finding_type,finding_url,evaluator_id,master_rating,master_reasoning,finding_summary,detection_latency_ms,false_positive_link
2026-06-21T17:25:10.838Z,https://github.com/ThePlenkov/nx.ts/pull/7,review:3448755891,amazon-q-developer[bot],code_review,https://github.com/ThePlenkov/nx.ts/pull/7#discussion_r3448755891,minimax/minimax-m3,1,Finding describes pre-fix code (`dir !== '.'` filter) that no longer exists; current code uses `dirAbs === workspaceRootAbs` comparison which is correct.,:stop_sign: **Logic Error**: Filtering projects by directory name will incorrectly exclude valid ro…,0,
2026-06-21T17:25:10.838Z,https://github.com/ThePlenkov/nx.ts/pull/7,review:3448755894,amazon-q-developer[bot],code_review,https://github.com/ThePlenkov/nx.ts/pull/7#discussion_r3448755894,minimax/minimax-m3,2,"Overblown CWE-400 framing; current code already caches the result and caps `.env` size at 1MB, mitigating the stated DoS concern.",:stop_sign: **Security Vulnerability**: Synchronously reading the entire `.env` file on every verbo…,0,
2026-06-21T17:25:10.838Z,https://github.com/ThePlenkov/nx.ts/pull/7,review:3448755895,amazon-q-developer[bot],code_review,https://github.com/ThePlenkov/nx.ts/pull/7#discussion_r3448755895,minimax/minimax-m3,1,"Current code already strips leading `./` via `replace(/^\.\//, '')`; the suggested fix is exactly what was applied, so the finding is stale.",:stop_sign: **Logic Error**: The `isWorkspaceRoot` check on line 32 fails to account for path varia…,0,
2026-06-21T17:25:10.838Z,https://github.com/ThePlenkov/nx.ts/pull/7,review:3448755897,amazon-q-developer[bot],code_review,https://github.com/ThePlenkov/nx.ts/pull/7#discussion_r3448755897,minimax/minimax-m3,1,Current code already has a nested try/catch returning `null` on JSON.parse failure; the suggested code matches the existing implementation.,:stop_sign: **Logic Error**: `JSON.parse` on line 24 will throw on malformed JSON and crash the plu…,0,
2026-06-21T17:25:10.838Z,https://github.com/ThePlenkov/nx.ts/pull/7,review:3448755899,amazon-q-developer[bot],code_review,https://github.com/ThePlenkov/nx.ts/pull/7#discussion_r3448755899,minimax/minimax-m3,2,"Same caching+size-limit concern as 3448755894; current implementation already mitigates with a 1MB cap and module-level cache, so largely noise.",:stop_sign: **Security Vulnerability**: The `.env` file is synchronously read and parsed in `isVerb…,0,
2026-06-21T17:25:10.838Z,https://github.com/ThePlenkov/nx.ts/pull/7,review:3448755901,amazon-q-developer[bot],code_review,https://github.com/ThePlenkov/nx.ts/pull/7#discussion_r3448755901,minimax/minimax-m3,4,Valid nit: `void workspaceRoot` is a dead no-op and the `workspaceRoot` parameter in `findVitestConfig` is never used; should either be removed or actually consulted.,":stop_sign: **Logic Error**: Line 191 uses `void workspaceRoot` as a no-op statement, but this serv…",0,
2026-06-21T17:25:10.838Z,https://github.com/ThePlenkov/nx.ts/pull/7,review:3448755903,amazon-q-developer[bot],code_review,https://github.com/ThePlenkov/nx.ts/pull/7#discussion_r3448755903,minimax/minimax-m3,2,Theoretical concern about `split('/').pop() ?? ''` producing empty filename is a non-issue — the empty string simply fails the startsWith test and skips silently as designed.,:stop_sign: **Logic Error**: The pattern on line 5 matches `.oxlintrc.` extensions but the filename…,0,
2026-06-21T17:25:10.838Z,https://github.com/ThePlenkov/nx.ts/pull/7,review:3448755926,codeant-ai[bot],code_review,https://github.com/ThePlenkov/nx.ts/pull/7#discussion_r3448755926,minimax/minimax-m3,4,Real bug in the pre-fix version: `#!/usr/bin/env bun` would have interpreted shell commands as JS; the current `#!/usr/bin/env sh` shebang is correct.,"**Suggestion:** This hook is declared to run with `bun` as the interpreter, but the body is a plain…",0,
2026-06-21T17:25:10.838Z,https://github.com/ThePlenkov/nx.ts/pull/7,review:3448756920,gemini-code-assist[bot],code_review,https://github.com/ThePlenkov/nx.ts/pull/7#discussion_r3448756920,minimax/minimax-m3,4,"Valid suggestion: `dirname(configFilePath)` on a workspace-relative path produces a relative path, so importing `resolve` to anchor against `workspaceRoot` is a real correctness improvement.",![medium](https://www.gstatic.com/codereviewagent/medium-priority.svg) Import `resolve` from `node:…,0,
2026-06-21T17:25:10.838Z,https://github.com/ThePlenkov/nx.ts/pull/7,review:3448756922,gemini-code-assist[bot],code_review,https://github.com/ThePlenkov/nx.ts/pull/7#discussion_r3448756922,minimax/minimax-m3,4,"Valid: strict `JSON.parse` would reject `.oxlintrc.json` files with comments/trailing commas (common oxlint practice), causing the plugin to skip valid projects.",![medium](https://www.gstatic.com/codereviewagent/medium-priority.svg) Parsing `.oxlintrc.json` wit…,0,
2026-06-21T17:25:10.838Z,https://github.com/ThePlenkov/nx.ts/pull/7,review:3448756924,gemini-code-assist[bot],code_review,https://github.com/ThePlenkov/nx.ts/pull/7#discussion_r3448756924,minimax/minimax-m3,4,"Valid CWD-dependence concern: `relative(workspaceRoot, dirname(configFile))` mixes absolute and relative paths; resolving `projectRootAbs` first is correct.",![medium](https://www.gstatic.com/codereviewagent/medium-priority.svg) Using `relative` with a rela…,0,
2026-06-21T17:25:10.838Z,https://github.com/ThePlenkov/nx.ts/pull/7,review:3448756925,gemini-code-assist[bot],code_review,https://github.com/ThePlenkov/nx.ts/pull/7#discussion_r3448756925,minimax/minimax-m3,4,Valid: typescript-preset also needs `resolve` from `node:path` for the same CWD-independent path handling reasons.,![medium](https://www.gstatic.com/codereviewagent/medium-priority.svg) Import `resolve` from `node:…,0,
2026-06-21T17:25:10.838Z,https://github.com/ThePlenkov/nx.ts/pull/7,review:3448756927,gemini-code-assist[bot],code_review,https://github.com/ThePlenkov/nx.ts/pull/7#discussion_r3448756927,minimax/minimax-m3,4,"Valid: `relative(workspaceRoot, projectRoot)` in `shouldSkipPath` is CWD-dependent when `projectRoot` is relative; resolving first is correct.",![medium](https://www.gstatic.com/codereviewagent/medium-priority.svg) Using `relative` with a rela…,0,
2026-06-21T17:25:10.838Z,https://github.com/ThePlenkov/nx.ts/pull/7,review:3448756929,gemini-code-assist[bot],code_review,https://github.com/ThePlenkov/nx.ts/pull/7#discussion_r3448756929,minimax/minimax-m3,4,"Valid: `join(projectRoot, name)` on a relative `projectRoot` is CWD-dependent; resolving against `workspaceRoot` first is the right fix.",![medium](https://www.gstatic.com/codereviewagent/medium-priority.svg) Using `join` with a relative…,0,
2026-06-21T17:25:10.838Z,https://github.com/ThePlenkov/nx.ts/pull/7,review:3448756930,gemini-code-assist[bot],code_review,https://github.com/ThePlenkov/nx.ts/pull/7#discussion_r3448756930,minimax/minimax-m3,4,"Valid CWD concern: `relative(workspaceRoot, resolve(workspaceRoot, projectRoot))` is redundant and CWD-dependent; using `projectRoot` directly is cleaner.",![medium](https://www.gstatic.com/codereviewagent/medium-priority.svg) Using `relative` with a rela…,0,
2026-06-21T17:25:10.838Z,https://github.com/ThePlenkov/nx.ts/pull/7,review:3448756932,gemini-code-assist[bot],code_review,https://github.com/ThePlenkov/nx.ts/pull/7#discussion_r3448756932,minimax/minimax-m3,4,Valid: hand-written `plugin.d.ts` is redundant when `plugin.ts` already has full types and `tsdown` with `dts: true` generates output declarations.,![medium](https://www.gstatic.com/codereviewagent/medium-priority.svg) This manual declaration file…,0,
2026-06-21T17:25:10.838Z,https://github.com/ThePlenkov/nx.ts/pull/7,review:3448758023,codeant-ai[bot],code_review,https://github.com/ThePlenkov/nx.ts/pull/7#discussion_r3448758023,minimax/minimax-m3,5,"Critical real bug: the original `**/biome.json` glob would never match `biome.jsonc` projects, silently dropping them from inference; the fix to `**/biome.jsonc?` is correct and important.","**Suggestion:** The plugin claims to support `biome.jsonc`, but the `createNodesV2` file matcher on…",0,
2026-06-21T17:25:10.838Z,https://github.com/ThePlenkov/nx.ts/pull/7,review:3448764865,cubic-dev-ai[bot],code_review,https://github.com/ThePlenkov/nx.ts/pull/7#discussion_r3448764865,minimax/minimax-m3,4,"Valid for the original PR head: `plugins: []` would have prevented Nx from loading any of the four plugins, defeating the PR's purpose; now fixed by registering entry points.",<!-- cubic:v=ac2bf39d-7160-44e5-845a-9db6fe9f8768 --> <!-- cubic:review-run=a0979cdc-1845-4582-a03b…,0,
2026-06-21T17:25:10.838Z,https://github.com/ThePlenkov/nx.ts/pull/7,review:3448764866,cubic-dev-ai[bot],code_review,https://github.com/ThePlenkov/nx.ts/pull/7#discussion_r3448764866,minimax/minimax-m3,5,"Critical real bug: passing `OXLINT_RC_PATTERN.source` (a regex literal string) as the Nx glob pattern would never match any file, making the plugin non-functional.",<!-- cubic:v=10dbf4f9-f617-4f61-938a-5562d868a692 --> <!-- cubic:review-run=a0979cdc-1845-4582-a03b…,0,
2026-06-21T17:25:10.838Z,https://github.com/ThePlenkov/nx.ts/pull/7,review:3448764867,cubic-dev-ai[bot],code_review,https://github.com/ThePlenkov/nx.ts/pull/7#discussion_r3448764867,minimax/minimax-m3,4,Valid CWD-dependence concern in `shouldSkipPath`; the resolve-first fix in 6914393 addresses it.,<!-- cubic:v=7c7296b1-4eeb-463d-b5ef-d3abae6ed758 --> <!-- cubic:review-run=a0979cdc-1845-4582-a03b…,0,
2026-06-21T17:25:10.838Z,https://github.com/ThePlenkov/nx.ts/pull/7,review:3448764868,cubic-dev-ai[bot],code_review,https://github.com/ThePlenkov/nx.ts/pull/7#discussion_r3448764868,minimax/minimax-m3,4,"Valid: the spec explicitly required both `pluginsConfig` entries AND `plugins` array entries, but the wording could mislead readers; the maintainer clarified intent.",<!-- cubic:v=ca46cf0b-533a-4e03-9614-43fdf7467cff --> <!-- cubic:review-run=a0979cdc-1845-4582-a03b…,0,
2026-06-21T17:25:10.838Z,https://github.com/ThePlenkov/nx.ts/pull/7,review:3448764870,cubic-dev-ai[bot],code_review,https://github.com/ThePlenkov/nx.ts/pull/7#discussion_r3448764870,minimax/minimax-m3,5,Same root cause as 3448758023 — real bug where `biome.jsonc` projects would be silently excluded from target inference.,<!-- cubic:v=e6539b60-ebd4-4e32-9fa5-3758b6f7bb17 --> <!-- cubic:review-run=a0979cdc-1845-4582-a03b…,0,
2026-06-21T17:25:10.838Z,https://github.com/ThePlenkov/nx.ts/pull/7,review:3448764873,cubic-dev-ai[bot],code_review,https://github.com/ThePlenkov/nx.ts/pull/7#discussion_r3448764873,minimax/minimax-m3,4,Valid design issue: the hardcoded `**/tsconfig.json` glob means the `configFile` option is a no-op for any value other than `tsconfig.json`; users setting it to e.g. `tsconfig.lib.json` get zero projects.,<!-- cubic:v=65dbba05-babb-4c69-8453-46b050de705c --> <!-- cubic:review-run=a0979cdc-1845-4582-a03b…,0,
2026-06-21T17:25:10.838Z,https://github.com/ThePlenkov/nx.ts/pull/7,review:3448764874,cubic-dev-ai[bot],code_review,https://github.com/ThePlenkov/nx.ts/pull/7#discussion_r3448764874,minimax/minimax-m3,4,Same as 3448755926: real bug in the pre-fix version where `#!/usr/bin/env bun` would fail to execute shell commands; now fixed with `#!/usr/bin/env sh`.,<!-- cubic:v=c35baa5e-e20b-4475-baa9-f5589a4ff486 --> <!-- cubic:review-run=a0979cdc-1845-4582-a03b…,0,
2026-06-21T17:25:10.838Z,https://github.com/ThePlenkov/nx.ts/pull/7,review:3448764876,cubic-dev-ai[bot],code_review,https://github.com/ThePlenkov/nx.ts/pull/7#discussion_r3448764876,minimax/minimax-m3,4,Same CWD-dependence concern as 3448756924; valid finding now addressed in 6914393.,<!-- cubic:v=8e2f3a63-a902-4d06-8c1e-d0994b57283d --> <!-- cubic:review-run=a0979cdc-1845-4582-a03b…,0,
2026-06-21T17:25:10.838Z,https://github.com/ThePlenkov/nx.ts/pull/7,review:3448764878,cubic-dev-ai[bot],code_review,https://github.com/ThePlenkov/nx.ts/pull/7#discussion_r3448764878,minimax/minimax-m3,4,Same as 3448756922: valid concern about strict JSON.parse rejecting valid oxlint configs with comments/trailing commas.,<!-- cubic:v=b0dbe2b8-b7b7-429a-b244-537d27ebafbd --> <!-- cubic:review-run=a0979cdc-1845-4582-a03b…,0,
2026-06-21T17:25:10.838Z,https://github.com/ThePlenkov/nx.ts/pull/7,review:3448764879,cubic-dev-ai[bot],code_review,https://github.com/ThePlenkov/nx.ts/pull/7#discussion_r3448764879,minimax/minimax-m3,5,Critical: pre-commit formatting the entire repo (`.`) and not re-staging would modify unrelated files and drop formatting changes from the commit; `--staged` + `git update-index --again` is the correct fix.,<!-- cubic:v=362c71bb-a3ef-4b18-bf10-b37bf84b90a0 --> <!-- cubic:review-run=a0979cdc-1845-4582-a03b…,0,
2026-06-21T17:25:10.838Z,https://github.com/ThePlenkov/nx.ts/pull/7,review:3448764880,cubic-dev-ai[bot],code_review,https://github.com/ThePlenkov/nx.ts/pull/7#discussion_r3448764880,minimax/minimax-m3,5,"Critical real bug: oxlint's default `plugins` (eslint, oxc) provide core rules like no-unused-vars; overwriting without including them would silently drop essential lint coverage.",<!-- cubic:v=3cba0a83-4587-410e-8d04-eb175a939746 --> <!-- cubic:review-run=a0979cdc-1845-4582-a03b…,0,
2026-06-21T17:25:10.838Z,https://github.com/ThePlenkov/nx.ts/pull/7,review:3448764883,cubic-dev-ai[bot],code_review,https://github.com/ThePlenkov/nx.ts/pull/7#discussion_r3448764883,minimax/minimax-m3,2,"Premise is wrong for the post-merge repo: per-package `vitest.config.ts` files are discovered by `bun run --filter`, so tsdown specs do run; the maintainer's reply correctly notes this.",<!-- cubic:v=6673eef1-9be2-405f-8a7b-ed40ea8aae38 --> <!-- cubic:review-run=a0979cdc-1845-4582-a03b…,0,
2026-06-21T17:25:10.838Z,https://github.com/ThePlenkov/nx.ts/pull/7,review:3448764885,cubic-dev-ai[bot],code_review,https://github.com/ThePlenkov/nx.ts/pull/7#discussion_r3448764885,minimax/minimax-m3,4,"Valid: README claimed `clean` ""prefixes `--build --clean`"" but the implementation actually runs a separate command chained with `&&`; documentation now matches behavior.",<!-- cubic:v=dcfa10e7-515f-4a70-a01a-894282685222 --> <!-- cubic:review-run=a0979cdc-1845-4582-a03b…,0,
